{
"name": "Daz3D_logo",
"flags": {
	"0": { "outline": [[0.0952283,0.528726],[0.106667,0.543333],[0.130753,0.571087],[0.160682,0.599157],[0.194893,0.626659],[0.221055,0.645112],[0.193234,0.249502],[0.178201,0.229748],[0.156667,0.196667],[0.147856,0.181962],[0.136475,0.164061],[0.122495,0.145442],[0.105887,0.128582],[0.0866206,0.115959],[0.0646681,0.11005],[0.04,0.113333],[0.0268814,0.12058],[0.0160077,0.132189],[0.00770329,0.147143],[0.00229256,0.16442],[9.99402e-05,0.183001],[0.00144984,0.201868],[0.00666667,0.22],[0.0196258,0.245776],[0.0359806,0.269816],[0.0551971,0.292005],[0.0767413,0.312231],[0.100079,0.330381],[0.124677,0.346342],[0.15,0.36],[0.15,0.360476],[0.15,0.360952],[0.15,0.361429],[0.15,0.361905],[0.15,0.362381],[0.15,0.362857],[0.15,0.363333],[0.148572,0.363333],[0.147143,0.363333],[0.145714,0.363333],[0.144286,0.363333],[0.142857,0.363333],[0.141428,0.363333],[0.14,0.363333],[0.121019,0.356256],[0.0997872,0.356436],[0.0784986,0.362839],[0.0593477,0.374431],[0.0445291,0.390179],[0.0362373,0.409046],[0.0366667,0.43],[0.0430314,0.449585],[0.0513402,0.467434],[0.0611536,0.48391],[0.0720324,0.499376],[0.083537,0.514194]] },
	"1": { "outline": [[0.223593,0.646903],[0.231825,0.65271],[0.269917,0.676428],[0.307607,0.69693],[0.343333,0.713333],[0.355237,0.716666],[0.367142,0.72],[0.379047,0.723333],[0.390953,0.726667],[0.39747,0.728492],[0.378947,0.352209],[0.363725,0.354445],[0.316113,0.346636],[0.273792,0.326752],[0.236725,0.298301],[0.204874,0.264796],[0.197269,0.254803]] },
	"2": { "outline": [[0.761058,0.111519],[0.741128,0.10936],[0.726667,0.106667],[0.678068,0.0892251],[0.627823,0.065358],[0.622623,0.0627986],[0.676807,0.72398],[0.727384,0.708217],[0.774768,0.684977],[0.814792,0.654674],[0.844822,0.618866],[0.805303,0.113633],[0.784379,0.11302]] },
	"3": { "outline": [[0.911144,0.466763],[0.926384,0.454475],[0.943796,0.443025],[0.961455,0.432298],[0.977436,0.422183],[0.989815,0.412565],[0.996667,0.403333],[1.0013,0.391135],[1.0002,0.379607],[0.995131,0.368595],[0.987826,0.357947],[0.980038,0.347512],[0.973514,0.337136],[0.97,0.326667],[0.973431,0.322757],[0.97662,0.3188],[0.979503,0.314653],[0.982014,0.310175],[0.984089,0.305223],[0.985661,0.299657],[0.986667,0.293333],[0.984155,0.290911],[0.981871,0.288468],[0.979798,0.285929],[0.977923,0.28322],[0.976231,0.280268],[0.974705,0.276997],[0.973333,0.273333],[0.976474,0.271115],[0.978785,0.269241],[0.980423,0.267378],[0.981542,0.26519],[0.982296,0.262344],[0.982842,0.258503],[0.983333,0.253333],[0.973098,0.234444],[0.970914,0.210638],[0.972379,0.18455],[0.97309,0.158809],[0.968644,0.136049],[0.954637,0.118902],[0.926667,0.11],[0.920352,0.107543],[0.912269,0.106301],[0.903121,0.106038],[0.893615,0.106514],[0.884455,0.107492],[0.876349,0.108733],[0.87,0.11],[0.8539,0.112354],[0.832877,0.11356],[0.809011,0.113741],[0.807854,0.113708],[0.846657,0.616678],[0.846667,0.616667],[0.85641,0.598852],[0.864156,0.579432],[0.870678,0.559027],[0.87675,0.53826],[0.883146,0.517752],[0.890638,0.498124],[0.9,0.48]] }
},
"outline": [[0.480011,0.743333],[0.548953,0.741951],[0.613688,0.736065],[0.673428,0.725033],[0.727384,0.708217],[0.774768,0.684977],[0.814792,0.654674],[0.846667,0.616667],[0.85641,0.598852],[0.864156,0.579432],[0.870678,0.559027],[0.87675,0.53826],[0.883146,0.517752],[0.890638,0.498124],[0.9,0.48],[0.911144,0.466763],[0.926384,0.454475],[0.943796,0.443025],[0.961455,0.432298],[0.977436,0.422183],[0.989815,0.412565],[0.996667,0.403333],[1.0013,0.391135],[1.0002,0.379607],[0.995131,0.368595],[0.987826,0.357947],[0.980038,0.347512],[0.973514,0.337136],[0.97,0.326667],[0.973431,0.322757],[0.97662,0.3188],[0.979503,0.314653],[0.982014,0.310175],[0.984089,0.305223],[0.985661,0.299657],[0.986667,0.293333],[0.984155,0.290911],[0.981871,0.288468],[0.979798,0.285929],[0.977923,0.28322],[0.976231,0.280268],[0.974705,0.276997],[0.973333,0.273333],[0.976474,0.271115],[0.978785,0.269241],[0.980423,0.267378],[0.981542,0.26519],[0.982296,0.262344],[0.982842,0.258503],[0.983333,0.253333],[0.973098,0.234444],[0.970914,0.210638],[0.972379,0.18455],[0.97309,0.158809],[0.968644,0.136049],[0.954637,0.118902],[0.926667,0.11],[0.920352,0.107543],[0.912269,0.106301],[0.903121,0.106038],[0.893615,0.106514],[0.884455,0.107492],[0.876349,0.108733],[0.87,0.11],[0.8539,0.112354],[0.832877,0.11356],[0.809011,0.113741],[0.784379,0.11302],[0.761058,0.111519],[0.741128,0.10936],[0.726667,0.106667],[0.678068,0.0892251],[0.627823,0.065358],[0.575972,0.0398376],[0.522556,0.0174361],[0.467617,0.0029256],[0.411196,0.00107838],[0.353333,0.0166667],[0.343518,0.0219595],[0.335045,0.0282892],[0.327547,0.0354038],[0.32066,0.0430509],[0.314017,0.0509786],[0.307252,0.0589345],[0.3,0.0666667],[0.299717,0.0738719],[0.299496,0.0797144],[0.299355,0.0847137],[0.299315,0.0893891],[0.299396,0.0942601],[0.299618,0.0998461],[0.3,0.106667],[0.304794,0.110806],[0.309159,0.115455],[0.313346,0.120337],[0.317606,0.125176],[0.322189,0.129695],[0.327348,0.133618],[0.333333,0.136667],[0.349952,0.141414],[0.367865,0.144064],[0.386402,0.145592],[0.404889,0.146974],[0.422655,0.149185],[0.439027,0.153202],[0.453333,0.16],[0.48251,0.186307],[0.49837,0.216485],[0.502021,0.248284],[0.494569,0.279453],[0.477121,0.30774],[0.450785,0.330895],[0.416667,0.346667],[0.363725,0.354445],[0.316113,0.346636],[0.273792,0.326752],[0.236725,0.298301],[0.204874,0.264796],[0.178201,0.229748],[0.156667,0.196667],[0.147856,0.181962],[0.136475,0.164061],[0.122495,0.145442],[0.105887,0.128582],[0.0866206,0.115959],[0.0646681,0.11005],[0.04,0.113333],[0.0268814,0.12058],[0.0160077,0.132189],[0.00770329,0.147143],[0.00229256,0.16442],[9.99402e-05,0.183001],[0.00144984,0.201868],[0.00666667,0.22],[0.0196258,0.245776],[0.0359806,0.269816],[0.0551971,0.292005],[0.0767413,0.312231],[0.100079,0.330381],[0.124677,0.346342],[0.15,0.36],[0.15,0.360476],[0.15,0.360952],[0.15,0.361429],[0.15,0.361905],[0.15,0.362381],[0.15,0.362857],[0.15,0.363333],[0.148572,0.363333],[0.147143,0.363333],[0.145714,0.363333],[0.144286,0.363333],[0.142857,0.363333],[0.141428,0.363333],[0.14,0.363333],[0.121019,0.356256],[0.0997872,0.356436],[0.0784986,0.362839],[0.0593477,0.374431],[0.0445291,0.390179],[0.0362373,0.409046],[0.0366667,0.43],[0.0430314,0.449585],[0.0513402,0.467434],[0.0611536,0.48391],[0.0720324,0.499376],[0.083537,0.514194],[0.0952283,0.528726],[0.106667,0.543333],[0.130753,0.571087],[0.160682,0.599157],[0.194893,0.626659],[0.231825,0.65271],[0.269917,0.676428],[0.307607,0.69693],[0.343333,0.713333],[0.355237,0.716666],[0.367142,0.72],[0.379047,0.723333],[0.390953,0.726667],[0.402858,0.73],[0.414763,0.733334],[0.426667,0.736667],[0.434775,0.738089],[0.442978,0.738566],[0.45112,0.738572],[0.459048,0.738578],[0.466609,0.739059],[0.473648,0.740486]],
"inputs": [[0.1,0.583,139.665],[0.14158,0.631968,134.694],[0.195615,0.6776,125.426],[0.260815,0.716785,116.398],[0.335133,0.746852,107.524],[0.415898,0.765753,98.7407],[0.5,0.7722,90],[0.584102,0.765753,81.2593],[0.664867,0.746852,72.4761],[0.739185,0.716785,63.6019],[0.804385,0.6776,54.5745],[0.85842,0.631969,45.3056],[0.9,0.583,40.3352]],
"outputs": [[0.1,0.089,243.134],[0.15293,0.0621864,245.311],[0.21268,0.0372,249.709],[0.278544,0.0157437,254.498],[0.3494,-0.000720233,259.54],[0.423786,-0.0110699,264.734],[0.5,-0.0146,270],[0.576214,-0.0110699,275.266],[0.6506,-0.000720233,280.46],[0.721456,0.0157437,285.502],[0.78732,0.0372,290.291],[0.84707,0.0621864,294.689],[0.9,0.089,296.866]],
"icon": [[0.421,0.397],[0.621,0.597]]
}